ID,Sequence,length,HemoPI2.0,ToxinPred3.0
gen_AIP_01,YEKDPVLILP,10,Non-Hemolytic,Non-Toxin
gen_AIP_02,DPPYEPKV,8,Non-Hemolytic,Non-Toxin
gen_AIP_03,VPILRAKVLR,10,Non-Hemolytic,Non-Toxin
gen_AIP_04,VATLLTS,7,Non-Hemolytic,Non-Toxin
gen_AIP_05,AAELLPLLRS,10,Non-Hemolytic,Non-Toxin
gen_AIP_06,KMRAFAAAVG,10,Non-Hemolytic,Non-Toxin
gen_AIP_07,ASQLTLSFKA,10,Non-Hemolytic,Non-Toxin
gen_AIP_08,YMAEGRTNL,9,Non-Hemolytic,Non-Toxin
gen_AIP_09,FDNDPEARL,9,Non-Hemolytic,Non-Toxin
gen_AIP_10,TKEITVYAV,9,Non-Hemolytic,Non-Toxin
gen_AIP_11,DAVQPLT,7,Non-Hemolytic,Non-Toxin
gen_AIP_12,REANQLDLL,9,Non-Hemolytic,Non-Toxin
gen_AIP_13,RPGGTTTGTE,10,Hemolytic,Non-Toxin
gen_AIP_14,YMYYAAALLA,10,Hemolytic,Non-Toxin
gen_AIP_15,ALDSLPNPS,9,Non-Hemolytic,Non-Toxin
gen_AIP_16,SNPVERFRLG,10,Non-Hemolytic,Non-Toxin
gen_AIP_17,FSLAYSA,7,Non-Hemolytic,Non-Toxin
gen_AIP_18,DKLLTRLQLV,10,Non-Hemolytic,Non-Toxin
gen_AIP_19,SEYVPLPLL,9,Non-Hemolytic,Non-Toxin
gen_AIP_20,FPIPASAPT,9,Non-Hemolytic,Non-Toxin
gen_AIP_21,KLAGYNATV,9,Non-Hemolytic,Non-Toxin
gen_AIP_22,ALVNVLDFK,9,Non-Hemolytic,Non-Toxin
gen_AIP_23,FKASYEKLL,9,Non-Hemolytic,Non-Toxin
gen_AIP_24,LLLSYLNKAV,10,Non-Hemolytic,Non-Toxin
gen_AIP_25,KLIDVAFYLA,10,Hemolytic,Non-Toxin
gen_AIP_26,TYLGELTI,8,Non-Hemolytic,Non-Toxin
gen_AIP_27,KMKYGVAKL,9,Non-Hemolytic,Non-Toxin
gen_AIP_28,DMGPGPAPR,9,Non-Hemolytic,Non-Toxin
gen_AIP_29,LLLSIVYIV,9,Hemolytic,Non-Toxin
gen_AIP_30,KLVDGRLLV,9,Non-Hemolytic,Non-Toxin
gen_AIP_31,RNQKQKLRLQ,10,Non-Hemolytic,Non-Toxin
gen_AIP_32,RLLGAAYLL,9,Hemolytic,Non-Toxin
gen_AIP_33,VMYELGPS,8,Non-Hemolytic,Non-Toxin
gen_AIP_34,GGDISVPAVP,10,Non-Hemolytic,Non-Toxin
gen_AIP_35,YSNITPAEI,9,Non-Hemolytic,Non-Toxin
gen_AIP_36,VSFLTLSNLV,10,Non-Hemolytic,Non-Toxin
gen_AIP_37,LLTIQVDIV,9,Non-Hemolytic,Non-Toxin
gen_AIP_38,VFQAFLSS,8,Non-Hemolytic,Non-Toxin
gen_AIP_39,LYPVPLF,7,Non-Hemolytic,Non-Toxin
gen_AIP_40,GLGGLKPST,9,Non-Hemolytic,Non-Toxin
gen_AIP_41,VPYEESLGT,9,Non-Hemolytic,Non-Toxin
gen_AIP_42,DEGAKLESNK,10,Non-Hemolytic,Non-Toxin
gen_AIP_43,SPAAPLTSAA,10,Non-Hemolytic,Non-Toxin
gen_AIP_44,EFITKRFKQG,10,Non-Hemolytic,Non-Toxin
gen_AIP_45,NYLGGVAKFY,10,Hemolytic,Non-Toxin
gen_AIP_46,FYLTLEK,7,Non-Hemolytic,Non-Toxin
gen_AIP_47,KLVNYFVAV,9,Non-Hemolytic,Non-Toxin
gen_AIP_48,FLLSYRLFL,9,Hemolytic,Non-Toxin
gen_AIP_49,KLIAVLDAS,9,Non-Hemolytic,Non-Toxin
gen_AIP_50,KQIAFSGLLS,10,Non-Hemolytic,Non-Toxin
gen_AIP_51,RLRIKLLQI,9,Non-Hemolytic,Non-Toxin
gen_AIP_52,TIPNVFVRI,9,Non-Hemolytic,Non-Toxin
gen_AIP_53,GMYADGASI,9,Non-Hemolytic,Non-Toxin
gen_AIP_54,GPTGATIQRS,10,Non-Hemolytic,Non-Toxin
gen_AIP_55,GPAAALAS,8,Hemolytic,Non-Toxin
gen_AIP_56,TYTERRVTP,9,Non-Hemolytic,Non-Toxin
gen_AIP_57,FMNSLEAFL,9,Non-Hemolytic,Non-Toxin
gen_AIP_58,RLLGVGLRL,9,Non-Hemolytic,Non-Toxin
gen_AIP_59,KLRAKFDYV,9,Non-Hemolytic,Non-Toxin
gen_AIP_60,VITNVFVA,8,Non-Hemolytic,Non-Toxin
gen_AIP_61,FLNNYELLL,9,Non-Hemolytic,Non-Toxin
gen_AIP_62,DVKGAVENLV,10,Non-Hemolytic,Non-Toxin
gen_AIP_63,VKRNTLEKL,9,Non-Hemolytic,Non-Toxin
gen_AIP_64,EPVNSTDFAA,10,Non-Hemolytic,Non-Toxin
gen_AIP_65,VSSLVLSEK,9,Non-Hemolytic,Non-Toxin
gen_AIP_66,DATEEGVI,8,Non-Hemolytic,Non-Toxin
gen_AIP_67,TYTGYGVIK,9,Non-Hemolytic,Non-Toxin
gen_AIP_68,LAGYKTLGTA,10,Non-Hemolytic,Non-Toxin
gen_AIP_69,ALQLTLSQLV,10,Non-Hemolytic,Non-Toxin
gen_AIP_70,DEGPPPTQTE,10,Non-Hemolytic,Non-Toxin
gen_AIP_71,LKNNRFVIL,9,Non-Hemolytic,Non-Toxin
gen_AIP_72,SLLVRRLLL,9,Non-Hemolytic,Non-Toxin
gen_AIP_73,KDVNVNAAV,9,Non-Hemolytic,Non-Toxin
gen_AIP_74,VIYFFPSNL,9,Non-Hemolytic,Non-Toxin
gen_AIP_75,AAVEAPAP,8,Non-Hemolytic,Non-Toxin
gen_AIP_76,ILAQPLPLA,9,Non-Hemolytic,Non-Toxin
gen_AIP_77,FAVAVEAAA,9,Non-Hemolytic,Non-Toxin
gen_AIP_78,FQIAVLAVIE,10,Hemolytic,Non-Toxin
gen_AIP_79,QEAGAATLV,9,Non-Hemolytic,Non-Toxin
gen_AIP_80,KLINVSAGI,9,Non-Hemolytic,Non-Toxin
gen_AIP_81,VINSTAELL,9,Non-Hemolytic,Non-Toxin
gen_AIP_82,KLKDGGYRL,9,Non-Hemolytic,Non-Toxin
gen_AIP_83,VIPEGAPTL,9,Non-Hemolytic,Non-Toxin
gen_AIP_84,DAAYQEALI,9,Non-Hemolytic,Non-Toxin
gen_AIP_85,VMRYQLENL,9,Non-Hemolytic,Non-Toxin
gen_AIP_86,EIAGVADKVL,10,Hemolytic,Non-Toxin
gen_AIP_87,YMYEGVAGLI,10,Non-Hemolytic,Non-Toxin
gen_AIP_88,GLYEGGPRR,9,Non-Hemolytic,Non-Toxin
gen_AIP_89,GAQYSPTI,8,Non-Hemolytic,Non-Toxin
gen_AIP_90,AIQKIPSQR,9,Non-Hemolytic,Non-Toxin
gen_AIP_91,SPAFTATKLE,10,Non-Hemolytic,Non-Toxin
gen_AIP_92,LPPYRAKKKG,10,Non-Hemolytic,Toxin
gen_AIP_93,VVFYRPAGLY,10,Non-Hemolytic,Non-Toxin
gen_AIP_94,DDVPAPRLFK,10,Non-Hemolytic,Non-Toxin
gen_AIP_95,YLYYPPLGL,9,Non-Hemolytic,Non-Toxin
gen_AIP_96,MPAGTATNTE,10,Non-Hemolytic,Non-Toxin
gen_AIP_97,KLVQVFPLV,9,Non-Hemolytic,Non-Toxin
gen_AIP_98,EEPVVRFRTN,10,Non-Hemolytic,Non-Toxin
gen_AIP_99,SFLLEAL,7,Non-Hemolytic,Non-Toxin
gen_AIP_100,RLQDIGLSIV,10,Non-Hemolytic,Non-Toxin
gen_AIP_101,LPTGSKTAAP,10,Non-Hemolytic,Non-Toxin
gen_AIP_102,SFLLELVKKG,10,Non-Hemolytic,Non-Toxin
gen_AIP_103,LALYQETK,8,Hemolytic,Non-Toxin
gen_AIP_104,KRNNKAVAV,9,Non-Hemolytic,Non-Toxin
gen_AIP_105,KDVNTNVAK,9,Non-Hemolytic,Non-Toxin
gen_AIP_106,LSRIQVAFI,9,Non-Hemolytic,Non-Toxin
gen_AIP_107,KRKDGKPRLP,10,Non-Hemolytic,Non-Toxin
gen_AIP_108,FAQILPLL,8,Non-Hemolytic,Non-Toxin
gen_AIP_109,LKFERPVDLE,10,Non-Hemolytic,Non-Toxin
gen_AIP_110,FALSLPAFR,9,Non-Hemolytic,Non-Toxin
gen_AIP_111,DSILTRVILV,10,Non-Hemolytic,Non-Toxin
gen_AIP_112,TLNAYVAFV,9,Non-Hemolytic,Non-Toxin
gen_AIP_113,SPYPRPLGLF,10,Non-Hemolytic,Non-Toxin
gen_AIP_114,VMFYTPAG,8,Non-Hemolytic,Non-Toxin
gen_AIP_115,ALLPRPLFL,9,Non-Hemolytic,Non-Toxin
gen_AIP_116,SNINRAS,7,Non-Hemolytic,Non-Toxin
gen_AIP_117,RLYYVPLFL,9,Hemolytic,Non-Toxin
gen_AIP_118,AINEQFARL,9,Non-Hemolytic,Non-Toxin
gen_AIP_119,LLYNLLPRL,9,Hemolytic,Non-Toxin
gen_AIP_120,LITAQAIVVG,10,Non-Hemolytic,Non-Toxin
gen_AIP_121,FPLPPPKPT,9,Non-Hemolytic,Non-Toxin
gen_AIP_122,LIQAGVYGL,9,Non-Hemolytic,Non-Toxin
gen_AIP_123,VITGFGVNL,9,Non-Hemolytic,Non-Toxin
gen_AIP_124,VLILVAYYD,9,Hemolytic,Non-Toxin
gen_AIP_125,KDYDGRAEP,9,Non-Hemolytic,Non-Toxin
gen_AIP_126,LIPDGEARL,9,Non-Hemolytic,Non-Toxin
gen_AIP_127,GVAYGVAGFI,10,Non-Hemolytic,Non-Toxin
gen_AIP_128,KLVDYRLYL,9,Non-Hemolytic,Non-Toxin
gen_AIP_129,YYLGGVLIL,9,Hemolytic,Non-Toxin
gen_AIP_130,LPRFPLDKLP,10,Non-Hemolytic,Non-Toxin
gen_AIP_131,VSGNTTPVIK,10,Non-Hemolytic,Non-Toxin
gen_AIP_132,GMYYGPESFV,10,Non-Hemolytic,Non-Toxin
gen_AIP_133,LALIYVAIAE,10,Hemolytic,Non-Toxin
gen_AIP_134,ALLKRNLFLY,10,Non-Hemolytic,Non-Toxin
gen_AIP_135,ALVGATASTV,10,Hemolytic,Non-Toxin
gen_AIP_136,DKNNLFVRL,9,Non-Hemolytic,Non-Toxin
gen_AIP_137,VSLGGPLII,9,Non-Hemolytic,Non-Toxin
gen_AIP_138,TLTNVAYLI,9,Non-Hemolytic,Non-Toxin
gen_AIP_139,KRYAVSGSI,9,Non-Hemolytic,Non-Toxin
gen_AIP_140,QLEQQAYLV,9,Non-Hemolytic,Non-Toxin
gen_AIP_141,DEVYKDPK,8,Non-Hemolytic,Non-Toxin
gen_AIP_142,AASLARIQQS,10,Non-Hemolytic,Non-Toxin
gen_AIP_143,TMIAGSAPV,9,Non-Hemolytic,Non-Toxin
gen_AIP_144,KLKSLAPLL,9,Non-Hemolytic,Non-Toxin
gen_AIP_145,YMYEGPAFL,9,Non-Hemolytic,Non-Toxin
gen_AIP_146,RMVNTVD,7,Non-Hemolytic,Non-Toxin
gen_AIP_147,RLLSILYLL,9,Hemolytic,Non-Toxin
gen_AIP_148,YQYYGPLRL,9,Non-Hemolytic,Non-Toxin
gen_AIP_149,LKIAYNKA,8,Non-Hemolytic,Non-Toxin
gen_AIP_150,RATKDKIKRY,10,Non-Hemolytic,Non-Toxin
gen_AIP_151,DALYADAPP,9,Non-Hemolytic,Non-Toxin
gen_AIP_152,AKTFRAIA,8,Non-Hemolytic,Non-Toxin
gen_AIP_153,GIYVPLFEVD,10,Non-Hemolytic,Non-Toxin
gen_AIP_154,TIAGTRYLL,9,Non-Hemolytic,Non-Toxin
gen_AIP_155,EIANQVYLL,9,Non-Hemolytic,Non-Toxin
gen_AIP_156,RSKGTGYTL,9,Non-Hemolytic,Non-Toxin
gen_AIP_157,LVVEGNNIKI,10,Non-Hemolytic,Non-Toxin
gen_AIP_158,KLYAFLQLL,9,Hemolytic,Non-Toxin
gen_AIP_159,SQSTASL,7,Non-Hemolytic,Non-Toxin
gen_AIP_160,ALVKTLYYL,9,Non-Hemolytic,Non-Toxin
gen_AIP_161,VNILVAIVQS,10,Non-Hemolytic,Non-Toxin
gen_AIP_162,LILKRLSQLG,10,Non-Hemolytic,Non-Toxin
gen_AIP_163,VMAFFVGGL,9,Non-Hemolytic,Non-Toxin
gen_AIP_164,LSRAILDKVE,10,Non-Hemolytic,Non-Toxin
gen_AIP_165,ALILLFST,8,Hemolytic,Non-Toxin
gen_AIP_166,FYYPLSNLL,9,Non-Hemolytic,Non-Toxin
gen_AIP_167,FALSQLLLV,9,Non-Hemolytic,Non-Toxin
gen_AIP_168,KLINVNVYL,9,Non-Hemolytic,Non-Toxin
gen_AIP_169,NAGYEVAGI,9,Non-Hemolytic,Non-Toxin
gen_AIP_170,ENPVVLFNTP,10,Hemolytic,Non-Toxin
gen_AIP_171,EMPNQLTR,8,Non-Hemolytic,Non-Toxin
gen_AIP_172,VFFEGGENL,9,Non-Hemolytic,Non-Toxin
gen_AIP_173,AIFKTNVAKK,10,Non-Hemolytic,Non-Toxin
gen_AIP_174,TLLPRSVRS,9,Non-Hemolytic,Non-Toxin
gen_AIP_175,VSNNTDVVD,9,Non-Hemolytic,Non-Toxin
gen_AIP_176,SPTFSTIVNE,10,Non-Hemolytic,Non-Toxin
gen_AIP_177,TLLDLSLLL,9,Hemolytic,Non-Toxin
gen_AIP_178,VPELAAIQTE,10,Non-Hemolytic,Non-Toxin
gen_AIP_179,TDVDGFVRV,9,Non-Hemolytic,Non-Toxin
gen_AIP_180,ENVNVEPAAA,10,Non-Hemolytic,Non-Toxin
gen_AIP_181,RLAQQAFLL,9,Non-Hemolytic,Non-Toxin
gen_AIP_182,RLLGLGYLL,9,Hemolytic,Non-Toxin
gen_AIP_183,FNITRSL,7,Non-Hemolytic,Non-Toxin
gen_AIP_184,LITNTLDAVG,10,Non-Hemolytic,Non-Toxin
gen_AIP_185,VFPFLKGSL,9,Non-Hemolytic,Toxin
gen_AIP_186,TLIEGRYLV,9,Non-Hemolytic,Non-Toxin
gen_AIP_187,LVLSLPSD,8,Non-Hemolytic,Non-Toxin
gen_AIP_188,VLYEGKYRL,9,Non-Hemolytic,Non-Toxin
gen_AIP_189,KLIEYSNT,8,Non-Hemolytic,Non-Toxin
gen_AIP_190,ALYNLSS,7,Hemolytic,Non-Toxin
gen_AIP_191,KLRAVLQLL,9,Non-Hemolytic,Non-Toxin
gen_AIP_192,LVYYSEAPAI,10,Non-Hemolytic,Non-Toxin
gen_AIP_193,SFPNEAS,7,Non-Hemolytic,Non-Toxin
gen_AIP_194,ESSLELKKKA,10,Non-Hemolytic,Non-Toxin
gen_AIP_195,QLAGIKYNVL,10,Non-Hemolytic,Non-Toxin
gen_AIP_196,KLIDYFVAV,9,Non-Hemolytic,Non-Toxin
gen_AIP_197,VFPGFGPNT,9,Non-Hemolytic,Non-Toxin
gen_AIP_198,GLYQVLSESI,10,Hemolytic,Non-Toxin
gen_AIP_199,DATSLLELR,9,Non-Hemolytic,Non-Toxin
gen_AIP_200,KLVNKGAAI,9,Non-Hemolytic,Non-Toxin
gen_AIP_201,LSTGKAIGI,9,Non-Hemolytic,Toxin
gen_AIP_202,LPPVVAF,7,Non-Hemolytic,Non-Toxin
gen_AIP_203,KLIEYNVEV,9,Non-Hemolytic,Non-Toxin
gen_AIP_204,QYESAAELL,9,Non-Hemolytic,Non-Toxin
gen_AIP_205,NFPYVSFG,8,Non-Hemolytic,Non-Toxin
gen_AIP_206,RLLSLRLLL,9,Hemolytic,Non-Toxin
gen_AIP_207,AAVPLDRASF,10,Non-Hemolytic,Non-Toxin
gen_AIP_208,QLLQLATLL,9,Hemolytic,Non-Toxin
gen_AIP_209,SSSLKTIVDS,10,Non-Hemolytic,Non-Toxin
gen_AIP_210,SEPFPLTYL,9,Non-Hemolytic,Non-Toxin
gen_AIP_211,ALTELAVLT,9,Non-Hemolytic,Non-Toxin
gen_AIP_212,LLRQYFDEV,9,Non-Hemolytic,Non-Toxin
gen_AIP_213,LVQYGVAGLY,10,Hemolytic,Non-Toxin
gen_AIP_214,YMSPTRSEL,9,Non-Hemolytic,Non-Toxin
gen_AIP_215,FKLSRPLL,8,Non-Hemolytic,Toxin
gen_AIP_216,LNTGSKFAAP,10,Non-Hemolytic,Non-Toxin
gen_AIP_217,DPGNTTAFTD,10,Non-Hemolytic,Non-Toxin
gen_AIP_218,AAEAKTAAN,9,Non-Hemolytic,Non-Toxin
gen_AIP_219,FLNDDGAFI,9,Non-Hemolytic,Non-Toxin
gen_AIP_220,QLRAVLPLV,9,Non-Hemolytic,Non-Toxin
gen_AIP_221,TLLDGELIK,9,Non-Hemolytic,Non-Toxin
gen_AIP_222,KMIAVVAVVG,10,Hemolytic,Non-Toxin
gen_AIP_223,VPAAFAGSTS,10,Non-Hemolytic,Non-Toxin
gen_AIP_224,QSRATRVEV,9,Non-Hemolytic,Non-Toxin
gen_AIP_225,LFIFGEFIKV,10,Non-Hemolytic,Non-Toxin
gen_AIP_226,DALTPLTLAV,10,Non-Hemolytic,Non-Toxin
gen_AIP_227,NAAGQTAGT,9,Non-Hemolytic,Non-Toxin
gen_AIP_228,FSLYAPAIE,9,Non-Hemolytic,Non-Toxin
gen_AIP_229,KRGGKVPEV,9,Non-Hemolytic,Non-Toxin
gen_AIP_230,LLYELSAFI,9,Non-Hemolytic,Non-Toxin
gen_AIP_231,DKVNTNA,7,Non-Hemolytic,Non-Toxin
gen_AIP_232,KMNDGGARI,9,Non-Hemolytic,Non-Toxin
gen_AIP_233,EEKLKATKLE,10,Non-Hemolytic,Non-Toxin
gen_AIP_234,ALFERRVLNK,10,Non-Hemolytic,Non-Toxin
gen_AIP_235,GLYPVLSESA,10,Non-Hemolytic,Non-Toxin
gen_AIP_236,VIPEFGPAV,9,Non-Hemolytic,Non-Toxin
gen_AIP_237,SRFPARVD,8,Non-Hemolytic,Non-Toxin
gen_AIP_238,FLLITPLFI,9,Hemolytic,Non-Toxin
gen_AIP_239,KLPDVKPRTP,10,Non-Hemolytic,Non-Toxin
gen_AIP_240,KLFGFGVEV,9,Non-Hemolytic,Non-Toxin
gen_AIP_241,ALLTYSLKAS,10,Non-Hemolytic,Non-Toxin
gen_AIP_242,DMFYFVFPL,9,Non-Hemolytic,Non-Toxin
gen_AIP_243,LLRAVAALL,9,Hemolytic,Non-Toxin
gen_AIP_244,ADFEGPVL,8,Non-Hemolytic,Non-Toxin
gen_AIP_245,YLYKPNSGKA,10,Non-Hemolytic,Non-Toxin
gen_AIP_246,FATNEDVK,8,Non-Hemolytic,Non-Toxin
gen_AIP_247,KSIPASLTE,9,Non-Hemolytic,Non-Toxin
gen_AIP_248,RYLTQLT,7,Non-Hemolytic,Non-Toxin
gen_AIP_249,LKTVINVKEE,10,Non-Hemolytic,Non-Toxin
gen_AIP_250,LLAGASAFSI,10,Non-Hemolytic,Non-Toxin
gen_AIP_251,VLFNVTSAK,9,Hemolytic,Non-Toxin
gen_AIP_252,ALLTLSK,7,Non-Hemolytic,Non-Toxin
gen_AIP_253,TSTNQLVLI,9,Non-Hemolytic,Non-Toxin
gen_AIP_254,GMYDGGAIK,9,Non-Hemolytic,Non-Toxin
gen_AIP_255,FKLYRPKILY,10,Non-Hemolytic,Toxin
gen_AIP_256,GPGNQLPA,8,Non-Hemolytic,Non-Toxin
gen_AIP_257,GPSGAPAFI,9,Non-Hemolytic,Non-Toxin
gen_AIP_258,SPLLRSL,7,Non-Hemolytic,Toxin
gen_AIP_259,KLYDVDPRL,9,Non-Hemolytic,Non-Toxin
gen_AIP_260,GDFFFPEENK,10,Non-Hemolytic,Non-Toxin
gen_AIP_261,YEYYAPLLFA,10,Non-Hemolytic,Non-Toxin
gen_AIP_262,FSNIYEAII,9,Non-Hemolytic,Non-Toxin
gen_AIP_263,SPFFRAEKFG,10,Non-Hemolytic,Non-Toxin
gen_AIP_264,YKNEYNKIFE,10,Non-Hemolytic,Non-Toxin
gen_AIP_265,ASILTLSVLS,10,Hemolytic,Non-Toxin
gen_AIP_266,VNKYGALYL,9,Non-Hemolytic,Non-Toxin
gen_AIP_267,SETLTAEKL,9,Non-Hemolytic,Non-Toxin
gen_AIP_268,FKLELSR,7,Non-Hemolytic,Toxin
gen_AIP_269,KINNKGFAL,9,Non-Hemolytic,Toxin
gen_AIP_270,TRNVYRVYL,9,Non-Hemolytic,Non-Toxin
gen_AIP_271,LGKYGEAIVP,10,Non-Hemolytic,Non-Toxin
gen_AIP_272,NLAGGVALV,9,Hemolytic,Non-Toxin
gen_AIP_273,DLLGGPLIL,9,Non-Hemolytic,Non-Toxin
gen_AIP_274,RLNGLFVEL,9,Non-Hemolytic,Non-Toxin
gen_AIP_275,GLYERPAF,8,Non-Hemolytic,Non-Toxin
gen_AIP_276,YMGPFPPPLP,10,Non-Hemolytic,Non-Toxin
gen_AIP_277,YPPDGEP,7,Non-Hemolytic,Non-Toxin
gen_AIP_278,TQLTPAL,7,Non-Hemolytic,Non-Toxin
gen_AIP_279,LNYQPEFRLA,10,Non-Hemolytic,Non-Toxin
gen_AIP_280,VIFEFAENVQ,10,Non-Hemolytic,Non-Toxin
gen_AIP_281,DAGNQLAFI,9,Non-Hemolytic,Non-Toxin
gen_AIP_282,YKLYGVKIL,9,Non-Hemolytic,Non-Toxin
gen_AIP_283,YKLNRNLIL,9,Non-Hemolytic,Non-Toxin
gen_AIP_284,KQVAVSGAKA,10,Non-Hemolytic,Non-Toxin
gen_AIP_285,KDAAVDPAV,9,Non-Hemolytic,Non-Toxin
gen_AIP_286,MMAAAVALLE,10,Non-Hemolytic,Non-Toxin
gen_AIP_287,ILLSLLNLL,9,Hemolytic,Non-Toxin
gen_AIP_288,KQYEGSNRSN,10,Non-Hemolytic,Non-Toxin
gen_AIP_289,LLRNQLDLV,9,Non-Hemolytic,Non-Toxin
gen_AIP_290,LPPNELF,7,Non-Hemolytic,Non-Toxin
gen_AIP_291,RLADGVAIV,9,Non-Hemolytic,Non-Toxin
gen_AIP_292,TLPNPLS,7,Non-Hemolytic,Toxin
gen_AIP_293,VSQGTVYFL,9,Non-Hemolytic,Non-Toxin
gen_AIP_294,LPVYEEA,7,Non-Hemolytic,Non-Toxin
gen_AIP_295,VLYNLGYLL,9,Hemolytic,Non-Toxin
gen_AIP_296,KLRNQFPAV,9,Non-Hemolytic,Non-Toxin
gen_AIP_297,TMAAPVGLV,9,Non-Hemolytic,Non-Toxin
gen_AIP_298,VIAGTVFNL,9,Non-Hemolytic,Non-Toxin
gen_AIP_299,EPLTPLLKL,9,Non-Hemolytic,Non-Toxin
gen_AIP_300,YLYDPEPRL,9,Non-Hemolytic,Non-Toxin
